<?xml version="1.0" encoding="ISO-8859-1"?>
<!DOCTYPE tiles-definitions PUBLIC "-//Apache Software Foundation//DTD Tiles Configuration 3.0//EN" "http://tiles.apache.org/dtds/tiles-config_3_0.dtd">


<tiles-definitions>

	<definition name="welcome" template="/WEB-INF/jsp/welcome.jsp">
		<put-attribute name="title" value="Welcome Page" />
		<put-attribute name="header" value="/WEB-INF/tiles/header.jsp" />
		<put-attribute name="footer" value="/WEB-INF/tiles/footer.jsp" />
	</definition>

	<definition name="sign-up" template="/WEB-INF/jsp/sign-up.jsp">
		<put-attribute name="title" value="sign-up Page" />
		<put-attribute name="header" value="/WEB-INF/tiles/header.jsp" />
		<put-attribute name="footer" value="/WEB-INF/tiles/footer.jsp" />
	</definition>
	
	<definition name="sign-in" template="/WEB-INF/jsp/sign-in.jsp">
		<put-attribute name="title" value="sign-in Page" />
		<put-attribute name="header" value="/WEB-INF/tiles/header.jsp" />
		<put-attribute name="footer" value="/WEB-INF/tiles/footer.jsp" />
	</definition>


    <definition name="error-page" template="/WEB-INF/jsp/error-page.jsp">
		<put-attribute name="title" value="error-page " />
		<put-attribute name="header" value="/WEB-INF/tiles/header.jsp" />
		<put-attribute name="footer" value="/WEB-INF/tiles/footer.jsp" />
	</definition>
	
	
	 <definition name="homePage" template="/WEB-INF/jsp/homePage.jsp">
		<put-attribute name="title" value="homePage " />
		<put-attribute name="header" value="/WEB-INF/tiles/header.jsp" />
		<put-attribute name="footer" value="/WEB-INF/tiles/footer.jsp" />
	</definition>
	
	
	<definition name="otp-page" template="/WEB-INF/jsp/otp-page.jsp">
		<put-attribute name="title" value="otppage" />
		<put-attribute name="header" value="/WEB-INF/tiles/header.jsp" />
		<put-attribute name="footer" value="/WEB-INF/tiles/footer.jsp" />
	</definition>
	
</tiles-definitions>